order_id;user_id;date;amount;currency;plan_id;product_id
88c09d50-16c0-47f8-8677-40d37a759e2c;029b43b2-5bef-466d-a361-13e39665e2da;21/1/2026;100;USD;f85816c2-1ba9-479c-a818-09f4a3a9c989;310
0dc2eafe-9418-4108-a2f7-b15f03fb43cb;0119a46a-bcf4-427c-8565-fd4f9f822e6f;24/2/2026;270000;ARS;74b0ff7f-a16f-47bd-88b5-691d7625bfae;180
43cb9d8a-088c-4ba0-83e9-059ea9e4d297;010f963e-1958-4255-86e0-0b1fca6ef338;21/1/2026;120000;ARS;15c1953d-1767-49a6-96b6-ba48500f36c8;167
86fe15f7-4b64-48b0-a755-aa265c3e27ce;02067edd-48fc-41dc-b885-7616d6ca236e;15/1/2026;90000;ARS;76829886-8a39-4bcd-88c9-aaa06865bc0d;231
47f6a40b-76e3-4f22-9be6-1b8fc70d0502;03620a69-aeaa-43b5-98db-2f872b507bc1;1/3/2026;100;USD;40cad16b-e284-46fb-b26b-54120669de6c;201
4cd5582c-1055-465e-91a4-990415e4758a;00231f00-cad7-4302-a113-b1d9dba2e94d;6/1/2026;60;USD;c0cab6f3-d8a7-4fac-bb9d-c8afba956dca;231
354f4b27-75b2-4cf2-baad-939f4a80ab44;01ebf9d5-8d13-47c5-89f5-75ceabfe233a;21/1/2026;100;USD;bd059686-05c4-4ac1-b624-a0b25bd548f4;301
c1b8a1e4-d90e-4617-9b42-27abff881171;02875deb-9e91-4670-93a3-90caff7e1afe;18/3/2026;150000;ARS;9b254629-5583-4ce9-9d4d-4e85be2b51c3;301
fe2b8cf9-5be1-4831-9213-b4ef077ac4c3;00a5e1fa-b03c-4fe3-af07-74c62190cee3;8/1/2026;72;USD;1380392f-13ac-46f5-9d45-6de18f2a7b06;199
aabcdaa8-873c-4805-9eed-5cd85569ebcb;02534acd-b677-4e55-8b04-d5cb3992537f;24/2/2026;60;USD;c444555e-15e4-4c78-9dd2-8e07707b2a96;231
8e0c0855-6f54-4f4e-a561-681b89724f15;01e5662c-0477-4702-aca6-3204097d097c;10/3/2026;270000;ARS;d4118aea-6efb-4ad2-902e-4abef46916c5;180
fa0688bf-1a97-4475-b4cd-eb3cbe723639;00724ecb-886f-4ef8-b22e-3c60a57a86b3;3/2/2026;100;USD;3d0cbd35-fb31-4be1-9290-2972a92d4cc8;242
300ab766-25de-49f9-aa83-28d16d0b6e33;017e2b12-6de6-406c-83a8-c2ac4babef55;8/1/2026;180;USD;5d512819-6d3d-4a63-a783-99de3371752e;180
48b01ce0-f30c-4ec1-af96-37c3ac191ee3;02b51a90-ee23-45d3-a9ca-2bef7b6d3586;6/3/2026;270000;ARS;25931a35-d13c-4504-ae55-f95e90c7b808;180
bb307fef-bcc2-48c1-9f1a-72f346a0aa89;009b353b-b641-4dbc-8ea4-30ac0a31fee5;2/1/2026;270000;ARS;df302a6b-9cd6-4f85-ab3b-c7a71845f095;180
f93da6f8-951a-4af8-a6e8-9a006e54ae6f;036d74ba-92eb-4421-b438-62c36ca1c668;13/1/2026;60;USD;9a1e5d53-14ce-483c-a036-aed55629c57f;164
204adfde-4379-4d10-8be8-e251853e85f2;030243ab-65d4-4381-9056-f1c60a7697b5;18/3/2026;150000;ARS;177eabf0-3466-4cdb-949b-df13dae501ad;172
44ad5927-e15b-4121-bb7d-799c73402343;0202705b-e422-4633-82f9-9b6341f7947d;17/2/2026;72;USD;4c9d0814-f45f-4b14-88b3-bfa485e9b63b;199
e16b486a-7583-469e-886c-34a87871c3a0;0265c7ad-4f3f-4dd4-a0f5-68bca77ace49;11/3/2026;150000;ARS;53fc3636-9bb1-4386-b1cf-7ee6f161185f;172
b43a85d4-e0f4-496f-83d7-f281b8324298;00a16614-ef6d-456d-a2ab-e674f0762cd7;26/2/2026;180;USD;89e60ea5-23e6-47e0-8a5e-21465c4c977e;180
eaca3969-998a-4655-91ad-b4c36406e182;03574511-b713-4aad-b94f-a28314fe6f0d;20/3/2026;300000;ARS;b95a4e7e-4e15-4dfe-a7b1-421a454a39d5;156
3fddb585-2ed2-4505-a7c0-aaf2051237da;00fc8840-296b-4fe0-80a8-0a8b3e109b44;10/2/2026;60;USD;5584cc09-535f-4b92-885c-218ba7a5fe28;164
8bf928e9-67d1-4123-92da-f3ea1fc24e64;00e7a7a1-472e-4f8c-920a-cb55076622de;12/2/2026;160;USD;7f3ed784-d76f-4df2-8ae4-6ad8c1d70de3;260
e133fafe-90e1-4459-b5b7-1fe2c86c3225;03508acf-c98c-40b3-b75e-0cd6c8cafb11;6/1/2026;100;USD;9524905b-bad3-474e-8b83-525a1b6ed3a5;201
f360d34e-0905-4bce-89fb-f97c6ba86e71;01706d3e-8c51-4752-9809-1ccf4ea8d225;6/1/2026;120000;ARS;99185c84-b7e2-479e-a135-25c1cbbec919;165
1c7612a1-0f3f-4530-b836-1b56fcaaa767;002e66bb-a811-45f5-900c-776199a21527;24/2/2026;100;USD;b70e788c-4089-44d5-8a2a-7d50cf082f7b;172
9277977e-1bf0-4314-a3cd-e85d6077f189;00b3e79c-9f6d-4e88-81a9-98e0345ba855;7/1/2026;100;USD;6bdffbd0-1fcf-44ca-af15-15974509c250;242
3856b63e-6a6e-4a22-af0f-e2ecf9095c7f;0277d3ed-1e99-4e07-821b-6f7ac25109cc;7/3/2026;120000;ARS;bc1636eb-61bf-48fc-99c6-3f978ed2d0a9;165
adfb5b00-d4c9-4f61-a79f-5158b3851d0e;0204b554-9989-4d96-a896-5ddda3980983;3/2/2026;100;USD;12805546-76ed-4ded-9e9f-fde5e804c754;301
8b275257-4047-467a-8b14-50be4b724e83;00bd9e87-637f-4087-85f8-08d965bfde03;24/2/2026;100;USD;1df7bea0-2e6d-4b58-8137-a9f44c538a95;301
2cbc94f2-113d-4ffb-a96e-803588e4d329;02bab994-8c86-4f2f-8b63-57a94fd11891;11/3/2026;300000;ARS;c848299c-adac-4cd9-ab65-a232f15d14ad;156
62d75d4c-36f0-4977-bfcb-7c2cb672a09e;036ad7ec-42d3-455c-9a9d-6ec90e1c3491;30/1/2026;100;USD;7275b331-9b20-46ad-914e-6870f069ad6b;301
7b250b8f-86e3-48bd-9838-b30068738797;007ec29c-a353-41e3-ad72-0ecabe253d30;20/3/2026;160;USD;31a388f7-4457-43e1-a70e-ceb7768a3cb7;260
73980a0b-280f-48f2-ac54-44366e86122b;02ad95b3-fae3-405a-aa79-759348da1011;7/2/2026;240000;ARS;4eb45465-f7de-426f-8dc7-caf1a8a7f18f;280
a601cf45-135e-4d8c-a063-022acff98272;0010c8da-14dc-4b30-b144-cd7acdbe0a41;20/2/2026;100;USD;48662aea-ca6c-42b3-912d-7370ffc130d2;172
51e553b1-07bb-488e-b2be-24796918114f;01fc8ccd-77e2-431c-a216-a709e950e335;20/2/2026;150000;ARS;76865d08-d3f1-4363-be3b-31e22d2faa8b;310
1d2d4fbd-07bd-4abe-ac61-d33b22e0d02e;02e77595-8921-4bff-b344-e4a25acaffd2;18/2/2026;160;USD;c9b10bb0-2308-4f53-a141-1af76216845a;260
8a74b59b-41ac-40c6-9162-2bd9aa3d5076;0200a94d-8c12-4c88-902e-3e37391320a7;19/1/2026;90000;ARS;e882fff2-aa98-435c-a141-10113632b523;164
73910245-bb01-4cd5-a175-ce3568198021;01c17f5e-6fb2-4126-9fe2-ebf54f8a0f5d;7/3/2026;90000;ARS;97d3c869-0f69-46ba-aad3-26cd8c808b9d;231
119e3d58-6a54-402e-ae43-e1da70e5fc74;00f58b1a-c744-4f49-85db-e9d6efa12afc;23/1/2026;140;USD;35d14ebe-76d1-4ae1-a9e9-bd4dedc9094b;157
03bd29bc-dc5a-416d-a141-7536ef79f255;01943e67-7249-407d-8848-fc785443105c;17/2/2026;150000;ARS;7c911a0a-b59f-4103-a7dc-a51371f85063;201
0e89428f-3e4d-4eca-ac0e-a675f4dac7b6;027acf95-d7dd-4f43-b7c2-1a837032cfd6;11/2/2026;100;USD;78beb84f-e556-421c-bc51-9c756ce2a7b0;310
e83f2e49-293d-4105-ae84-39da5f295d89;00b8ab11-53c2-44be-8484-1c9337c0f6e1;24/1/2026;240000;ARS;dc0e8439-6fe7-4e0f-8dc1-696690f198dc;280
02e370dc-6da6-4ae2-81d8-3e00008c3832;03562bc6-ff33-4847-b88a-07464061c7db;21/3/2026;72;USD;495d3d12-cba7-4bfe-93c9-ae259768e9a4;199
548159dc-7d85-4b7c-a4b9-0c684d40996f;0248266a-55df-4caf-83d4-675ffe359ee3;5/3/2026;150000;ARS;1876bbf9-62e0-43ee-ab2a-efbdb58b949e;242
fe9b118a-f441-47c6-a045-824e1d1028e5;02b4549d-e348-4bc8-968f-d7775b35bdb4;6/2/2026;300000;ARS;33f73122-0d31-4107-8280-044f16adb56b;156
3432e619-9e45-4f52-ad4a-6da74189f1eb;02ddf1d8-1496-4aff-b8e6-8585c565cd8e;6/1/2026;90000;ARS;a0b2ec6c-37f9-46af-8ec8-3d7ede9db32b;231
9aa85ed3-effe-4f2c-85b4-a5aa33656688;02ea62ed-989e-4df8-82a8-e4fad2d1dad9;14/3/2026;100;USD;02349528-c751-4782-ba4d-6be74387a241;242
e54ea400-5cb5-41c4-8ac3-cb2b3c3d341e;0281d500-4acf-4e11-9a94-fec1f48053cc;9/1/2026;120;USD;46a096a7-b6e1-4eb7-b45d-3c2fa1543e3f;211
f8edf922-7ded-47cd-9de2-33855987881e;026a8bdc-e682-4c11-b72a-17d9d198eaf2;20/1/2026;200;USD;d168f397-437b-4465-bdda-b2cd10ba6afc;156
89be3823-3d1a-4af4-9099-e8448f8cbdbe;011ba5c2-9607-4d43-8fcf-932f2aea5e95;12/3/2026;180000;ARS;6f0459cd-a675-4fad-b88a-68b2754a9787;211
8b0ba6cf-d0d1-4863-a4b6-796e27f33f2e;0367e7c8-7d02-4fec-bd72-41663157796e;22/2/2026;80;USD;d373fa59-1292-40c4-9415-dab4a3780422;165
4278ecf2-206a-4af6-85ed-7699fa1b21bc;03564ac4-f95f-4e6c-bb99-6baba5d4a345;17/1/2026;100;USD;c50b80fa-14ed-4506-a1ca-7e7ffde25f24;310
8c351976-c28d-4d6c-86b3-2b28497f40a3;00258dcb-8db8-4a63-a2b4-7ee038e9aa91;14/2/2026;160;USD;617830dc-a649-4b07-b9a3-636b37d265c2;260
66ed6665-c11a-4ec6-9e2b-282a8b02d287;009a3271-6aa3-48c3-8ba1-3c31e2700ee9;9/1/2026;120000;ARS;e7876c8f-06a9-4e09-9b8d-58184d45a325;167
82090456-7a25-440d-84be-3518fb6d8e55;0047a82e-69ee-47cd-98c9-9f6758e976ae;13/3/2026;80;USD;b09783c1-f8b6-4c06-9a33-aefb31fafbe0;165
0cb0e8f9-9be4-4f33-8cfc-b7060265b217;01e190ea-0f93-4980-aaf5-1ee3fc1fbf8c;3/1/2026;270000;ARS;c015b1f2-fb7d-4d89-aca1-af9248c58dba;180
ff950cda-d59a-4d39-b83f-69e36504a810;008c195b-a207-41df-92b1-9196d1191754;2/1/2026;180000;ARS;1571dbf0-2d07-458d-8fe8-c49bbab44c3e;211
db7e9e63-f225-491d-b5c7-88754be2e4e4;01cd632c-bba2-4cf3-98de-c090a0fb558c;25/2/2026;210000;ARS;62b3892f-39de-4026-86a7-3f301dbd8dd3;157
fedda38e-2520-484f-817c-51720c52d4bd;00cf9fbb-c78a-40fe-85ca-cd5bcafe3bae;13/1/2026;140;USD;f0abedf1-3e04-438a-af49-d845c57deec4;157
ceaa4332-12ab-4a1d-9a22-98e35fa86bd3;0038df00-176e-4c94-a1b9-0773345ec45d;1/1/2026;240000;ARS;59592ede-dd93-4919-8fb4-89e87777be96;260
ab37ae42-7b10-42b1-ad1a-6d263d877367;0214f539-376d-44df-966e-80496c7e449b;28/2/2026;150000;ARS;1b4201bc-37db-4480-a002-e50b2c283042;172
bcd03b73-9750-4a12-be7f-5deaf04c9f34;00d4b214-fd3d-429b-bd9e-ab6b9322c2b8;21/2/2026;100;USD;f23ad5e2-0721-40d8-8906-f88bff10f9f1;172
3f45be98-ee3d-4e6c-b57b-e6b51ef98700;00f5ed50-9835-4b99-9212-6c973c69ea56;23/1/2026;108000;ARS;15eb9d0c-f9df-4370-a259-c5b6ce6182c1;199
9eea1113-6c29-4705-95c5-64a19664e8b0;020ab261-429a-486f-a781-87e11093b1ed;16/2/2026;90000;ARS;2fbdda30-ad42-4689-a379-18dd19339487;164
c7a990e8-1028-4635-96f5-8c17b0c0142f;001ae349-4feb-4a27-91b4-3a5123fd7bee;25/2/2026;270000;ARS;a2ace678-21a8-4ed1-8017-f8fabf867656;180
0223689c-d8e8-4439-b382-534e4a62c57a;0220c4ae-9e46-469b-866d-9b1ff7e854f6;19/3/2026;150000;ARS;5ab5379b-5dd2-4b3c-a74d-690a9bd16ac1;310
e95824de-0ae5-451b-bb31-c992fab74607;024e47c2-fabe-448e-8c68-c78af35eaf8e;13/3/2026;100;USD;66156447-a168-4236-b239-13782817556e;242
318d2465-b43b-416d-aabd-e32e5520d9d8;00bcbf9f-5138-4c74-9447-c1c8d54a612f;5/3/2026;140;USD;18fda193-b103-4547-9927-d2e5741d98cf;157
3768cd20-2baa-42c8-a35a-2542b806b065;007f4f5c-af1f-4d92-a872-e20f023ab448;14/1/2026;160;USD;75bb354e-1949-4089-92b7-8577691303e7;280
62fc7c16-16f9-4327-a4b1-463011e810f1;031d0f1e-e13b-4d4c-abf7-30eb14e8454f;13/1/2026;270000;ARS;eb8572ea-f220-465d-9b95-a5668f1e49f8;180
f4a16881-5a89-4cc8-bde1-66a3be93648c;0363873d-08cf-4f5b-9ade-39374bd3ef33;20/2/2026;120;USD;0b81be9d-5597-43d2-b2c4-5388b686fa4b;211
34ff96d5-6b2c-45dc-a432-dd75890bbefc;00cc5607-4f08-417e-998a-6bded7b0b4a7;27/1/2026;90000;ARS;0e16fa9a-486c-496b-9469-d8fb726fc904;164
cbdfa281-29b9-45a5-ab53-8e61447237a5;01107eae-1fd4-4730-81f7-1e51a765cdc9;5/3/2026;240000;ARS;e7763ee8-ede4-498f-9245-3a512c183840;280
573f7bbf-578e-45b1-922d-0072645b3c0a;029b43b2-5bef-466d-a361-13e39665e2da;12/3/2026;120000;ARS;68c66eed-a155-41e5-b72f-1eaa7660920f;167
6b5f928d-e209-4585-b8a9-7e7f599d7b3b;02b61222-0828-41e9-8213-b8f9dca99da3;29/1/2026;240000;ARS;fadc0f07-aa97-4919-b3c0-14d540aeec1d;280
07e22b0b-138a-4419-ad1f-f38a377dfa9b;0143d89f-d3dd-412f-921c-eefe13e2f70b;5/2/2026;100;USD;a2dfe123-e858-4ec0-9f49-27e28dfa9672;310
712a57c6-d298-4d8b-869a-6225ca014746;02ec9995-5941-40a4-af7d-ee4adab9495a;26/2/2026;300000;ARS;605186c1-d9ad-4552-ac64-937f9d1b5479;156
2336a0a2-a85a-4a44-9736-767f631f56a1;006baafc-3fe4-45f2-b678-12ea81c993d0;6/1/2026;80;USD;8072273a-c91e-4e5d-bc2a-7bb3056ad72a;165
22844122-ed3e-466e-8438-a161deabb93a;0312ce7c-5de5-4604-8908-5eaf3c8f0422;11/3/2026;200;USD;64927956-5bcf-4fbb-b501-7477f039babc;156
254ad44d-8f7a-4f22-a77b-b08599562a7a;016dbae7-4040-4e7a-979c-f5d9ac4d680c;25/2/2026;60;USD;ffb7b3b7-a743-4515-9d1b-4960eabadb3a;231
8e5d7ff1-ea80-4440-8fb4-fa2df3d31941;0119a46a-bcf4-427c-8565-fd4f9f822e6f;14/3/2026;120000;ARS;a41eaa6e-dbbb-459d-a272-51eb24555738;165
cdcdbf2d-d732-4147-ad70-b5c02d7df45a;02a1be9b-81cf-4390-91bc-4af61aeeb5ec;2/3/2026;108000;ARS;7ad37fa9-47f0-4286-a3d9-807b3517777a;199
b43d2aa0-0826-46e6-8e02-455bb9fd844f;02b040e0-35c5-49cc-80de-bb30c1b80258;18/3/2026;240000;ARS;80354641-3f52-419b-ac23-b3923e3961b9;260
45b5bf28-1e92-4ed4-af7e-91201e2defd8;032e2cd0-fba4-4159-a180-8950d7657f6f;5/2/2026;72;USD;000e12eb-1a79-4938-8a24-503810695f53;199
dabba45d-e655-4d8c-8b4c-2b7ca693d2b0;010f963e-1958-4255-86e0-0b1fca6ef338;7/2/2026;120000;ARS;56a84363-1a04-4c56-b907-f15b4ace51eb;167
3aae3697-6379-44a2-ac77-040be752fa10;01d95172-2a29-47f3-95f5-3c9ce0e1565c;13/1/2026;100;USD;21c4530f-7e41-4553-9c66-eb9f5cac8a51;242
6efdbf5e-0f20-4ccd-9312-1a023e6ae5eb;006a23b6-ce40-486f-81d1-42b6264f17e4;10/3/2026;100;USD;f76bd48a-ebb9-4a0b-872b-8096e8af7876;301
c82c8924-7d6e-448e-a5fa-81a229bb9dce;01c34cad-f11d-4a25-8432-21a67deb58cb;5/2/2026;150000;ARS;b00fc984-2003-4fa2-bf06-fc1c154202c2;242
9a2c5a14-02bb-4584-82b2-0cebd54840fc;02067edd-48fc-41dc-b885-7616d6ca236e;27/2/2026;120;USD;5d32daf6-b0b7-4518-9522-7056e64d758f;211
94b1d764-c867-4b8e-8510-3f28f1a0c9e3;0007139e-997a-4d55-a7f1-9604d93c2420;12/2/2026;150000;ARS;d72010f9-ad07-41ea-b539-755265590f40;201
10d1e48b-e04e-4ead-adcb-f51610bd7e12;0308b35b-1ea7-4cb0-a9f7-7dc42e44f0d5;20/1/2026;100;USD;011b7844-c873-4669-89a5-524dd942c07b;301
e8971a2c-cd0b-4a33-9d9b-0a86ca71cf41;0152cf50-8aea-45ed-a71c-6a929a015728;18/3/2026;120000;ARS;8c217ded-9613-4dea-b28a-618f0b286115;165
028a3dd6-7d42-49da-8f0b-aa0d11756976;00a0349e-0374-497b-a28d-22ec8e7da58a;10/3/2026;270000;ARS;886df3eb-8d32-4601-a8ac-cfa83bb9338a;180
66669968-c4cb-4079-8794-e15106543cc1;03620a69-aeaa-43b5-98db-2f872b507bc1;17/3/2026;100;USD;b983d69c-0b8f-416a-8f79-797286113bc7;201
65b9b8b1-026c-4499-adfe-cd34ce51f7e1;0195ce82-b14c-4f8c-8ca1-3f4f7e4e08fe;11/3/2026;180;USD;4d87031e-7612-4a33-88e7-0ff398408183;180
3a9e9924-357f-4634-b2b0-fe2d06aa7a7a;0117acb6-9491-40ff-8cbe-914d6a3acf5a;6/3/2026;80;USD;efac7e90-8cb5-486d-b88a-f877e145eafe;167
baecc8b8-1a8d-40cc-8e13-d4a8fe430345;0320e2d0-8546-401e-a55d-a894389c45d4;17/1/2026;108000;ARS;7a9baccb-a4bb-4788-b939-187c8dbbcdec;199
ffdac7fc-0295-4a73-b3db-3806d06d09b2;00b2177b-8bec-4867-84a5-0376e79b317d;18/3/2026;240000;ARS;7e84cd7d-bf7b-4d67-be71-f91d36d5bad8;260
4657ef0f-82ea-48bb-9b0e-2762e2452de7;025bc95b-afeb-488c-b2a1-e20323ef32a1;18/3/2026;270000;ARS;e9b4a380-5046-4cd4-a5d2-88504f896061;180
95d42d88-aebb-4d6a-b0cb-ac3a6eff46d7;01107eae-1fd4-4730-81f7-1e51a765cdc9;21/3/2026;90000;ARS;c957e247-f230-49da-b35e-eb9364624109;231
ca81c6d3-113a-4753-9843-fd126cbde160;0308b35b-1ea7-4cb0-a9f7-7dc42e44f0d5;20/2/2026;120000;ARS;0e9c4a5a-b78d-460b-8107-9ddb5c893b4c;167
4b3111d5-6489-48d4-aa07-ff5f2c10feb5;03620a69-aeaa-43b5-98db-2f872b507bc1;14/3/2026;270000;ARS;b13ce51e-97c7-4e4a-a30a-063f24cb1893;180
3df75bf8-4d56-456e-a36c-90f243ab37b6;006baafc-3fe4-45f2-b678-12ea81c993d0;26/2/2026;90000;ARS;7c0f1691-7bc3-48cc-87d7-8915e53c67af;164
a926a30a-fcac-4654-aa9a-598caf6b889a;0320e2d0-8546-401e-a55d-a894389c45d4;7/3/2026;210000;ARS;f12df3a2-739a-4cdb-b433-bf651c7870dc;157
b06e26bc-b3a3-4660-a7a1-cf5be166fb10;0143d89f-d3dd-412f-921c-eefe13e2f70b;18/3/2026;240000;ARS;ab49b4f1-c02f-48f0-99a4-e36f9b69b7d1;280
8dbfd0e4-46a4-475b-b970-5e6f97ed53ed;010f963e-1958-4255-86e0-0b1fca6ef338;26/2/2026;90000;ARS;317968e3-a24c-4523-9306-732f4e6c8e04;164
d239cff8-9c59-4d2b-91e5-0a8f6217d53d;00cc5607-4f08-417e-998a-6bded7b0b4a7;2/1/2026;300000;ARS;7a0a2b2e-c3ae-4a58-87a0-d56818aacdd4;156
886ea325-8ac8-4ab0-b96f-92bbafe3a974;02b61222-0828-41e9-8213-b8f9dca99da3;11/3/2026;300000;ARS;db02ac56-5eab-4004-bbec-d744d655669d;156
35651fd3-557c-4cdb-9547-3b9092c8138c;02067edd-48fc-41dc-b885-7616d6ca236e;28/1/2026;150000;ARS;00124c43-ce70-4b3f-ba18-0571e1eff72f;310
41c01479-6637-4293-b18a-fff3a0a4f195;0312ce7c-5de5-4604-8908-5eaf3c8f0422;22/3/2026;120000;ARS;9c92bfce-3921-41fd-8582-ff1d1a481a6c;167
2c66f2ba-22b0-45d1-a6ca-b2aefc8ff5de;032e2cd0-fba4-4159-a180-8950d7657f6f;17/3/2026;210000;ARS;01d2d40b-3dd8-4cc2-beeb-e4a467120bc4;157
e385fb17-9cd7-4629-9a0a-e54ff535d580;02b040e0-35c5-49cc-80de-bb30c1b80258;24/2/2026;150000;ARS;6e178a9b-53c3-4155-855e-f125e6f7cb1f;310
2d8f4d19-f1d7-458b-850c-dd45408c6034;00b2177b-8bec-4867-84a5-0376e79b317d;7/3/2026;180000;ARS;a23db627-58b7-40eb-8371-cfbd45818f4f;211
2df44ce1-c853-408c-aa22-2dcf4221eaef;0363873d-08cf-4f5b-9ade-39374bd3ef33;24/1/2026;150000;ARS;d971378b-a485-42d7-aa1f-1d8fa2624c62;201
77b1b5b9-34b2-46ae-9441-40f2c0de24e9;01d95172-2a29-47f3-95f5-3c9ce0e1565c;8/1/2026;240000;ARS;c943f238-2113-450b-a431-9b6d96063b70;280
3927a9df-e3ad-45a2-9dfc-877761d9f0fb;029b43b2-5bef-466d-a361-13e39665e2da;11/2/2026;150000;ARS;b5ee1286-e245-4108-9661-050601071f73;201
dd10a431-3943-4bf4-8ff5-da0942bf2165;01c34cad-f11d-4a25-8432-21a67deb58cb;13/3/2026;210000;ARS;3da7d1b0-e012-4aa2-8755-9c86789a8a14;157
3cf3b417-09df-443e-8da1-003142ab6a4f;02ec9995-5941-40a4-af7d-ee4adab9495a;7/2/2026;180000;ARS;2dd6f3da-9755-40a3-b506-a38534f19c91;211
3f05747a-2b92-4016-8f63-8c5ac42f7096;0119a46a-bcf4-427c-8565-fd4f9f822e6f;5/2/2026;270000;ARS;6c81b08b-bc15-410f-9a4c-055f8e30a532;180
4b1332f9-261c-424d-af18-4081f06420ba;02a1be9b-81cf-4390-91bc-4af61aeeb5ec;14/2/2026;150000;ARS;8cc0618a-9609-4ad2-853d-a642be399247;172
