user_id;name;last_name;country
0007139e-997a-4d55-a7f1-9604d93c2420;Ana;García;Argentina
0010c8da-14dc-4b30-b144-cd7acdbe0a41;Luis;Rodríguez;Argentina
001ae349-4feb-4a27-91b4-3a5123fd7bee;Marta;Martínez;Colombia
00231f00-cad7-4302-a113-b1d9dba2e94d;Javier;Pérez;Uruguay
00258dcb-8db8-4a63-a2b4-7ee038e9aa91;Carmen;González;Argentina
002e66bb-a811-45f5-900c-776199a21527;Pablo;López;Argentina
0038df00-176e-4c94-a1b9-0773345ec45d;Laura;Sánchez;Argentina
0047a82e-69ee-47cd-98c9-9f6758e976ae;Carlos;Díaz;Argentina
00631aca-352e-466d-8525-461d1e4336f2;Beatriz;Romero;Colombia
006a23b6-ce40-486f-81d1-42b6264f17e4;Francisco;Torres;Paraguay
006baafc-3fe4-45f2-b678-12ea81c993d0;Elena;Ramírez;Argentina
00724ecb-886f-4ef8-b22e-3c60a57a86b3;David;Fernández;Argentina
007ec29c-a353-41e3-ad72-0ecabe253d30;Raquel;Jiménez;Argentina
007f4f5c-af1f-4d92-a872-e20f023ab448;Miguel;Ruiz;Argentina
008c195b-a207-41df-92b1-9196d1191754;Sara;Alonso;Argentina
009a3271-6aa3-48c3-8ba1-3c31e2700ee9;Alberto;González;Argentina
009b353b-b641-4dbc-8ea4-30ac0a31fee5;Isabel;Sánchez;Argentina
00a0349e-0374-497b-a28d-22ec8e7da58a;Andrés;Díaz;Argentina
00a16614-ef6d-456d-a2ab-e674f0762cd7;Natalia;Herrera;Argentina
00a5e1fa-b03c-4fe3-af07-74c62190cee3;Daniel;Vargas;Colombia
00b2177b-8bec-4867-84a5-0376e79b317d;Patricia;Castro;Argentina
00b3e79c-9f6d-4e88-81a9-98e0345ba855;José;Moreno;Argentina
00b8ab11-53c2-44be-8484-1c9337c0f6e1;Teresa;Cruz;Colombia
00bcbf9f-5138-4c74-9447-c1c8d54a612f;Enrique;Ramos;Ecuador
00bd9e87-637f-4087-85f8-08d965bfde03;Adriana;Gil;Argentina
00cc5607-4f08-417e-998a-6bded7b0b4a7;Manuel;Ruiz;Colombia
00cf9fbb-c78a-40fe-85ca-cd5bcafe3bae;Silvia;Ortega;Uruguay
00d4b214-fd3d-429b-bd9e-ab6b9322c2b8;Roberto;Álvarez;Argentina
00e7a7a1-472e-4f8c-920a-cb55076622de;Clara;Muñoz;Argentina
00f58b1a-c744-4f49-85db-e9d6efa12afc;Óscar;Delgado;Argentina
00f5ed50-9835-4b99-9212-6c973c69ea56;Lucía;Navarro;Argentina
00fc8840-296b-4fe0-80a8-0a8b3e109b44;Tomás;Molina;Argentina
010f963e-1958-4255-86e0-0b1fca6ef338;Paula;Molina;Argentina
01107eae-1fd4-4730-81f7-1e51a765cdc9;José Luis;Soto;Colombia
0117acb6-9491-40ff-8cbe-914d6a3acf5a;Eva;Salazar;Colombia
0119a46a-bcf4-427c-8565-fd4f9f822e6f;Martín;Serrano;Argentina
011ba5c2-9607-4d43-8fcf-932f2aea5e95;Sonia;Márquez;Colombia
0143d89f-d3dd-412f-921c-eefe13e2f70b;Alberto;Peña;Argentina
0152cf50-8aea-45ed-a71c-6a929a015728;Antonio;Vega;Argentina
016dbae7-4040-4e7a-979c-f5d9ac4d680c;Rosa;Cordero;Argentina
01706d3e-8c51-4752-9809-1ccf4ea8d225;Ricardo;Cabrera;Argentina
017e2b12-6de6-406c-83a8-c2ac4babef55;Marta;Silva;Argentina
01817085-8884-4669-8ce3-16c82f24bf02;Juan;Soto;México
01943e67-7249-407d-8848-fc785443105c;Javier;Castro;Argentina
0195ce82-b14c-4f8c-8ca1-3f4f7e4e08fe;Pilar;Herrera;Argentina
01a6ce39-3f40-41ff-b06c-59f57f597d3d;Francisco Javier;Gutiérrez;Argentina
01c17f5e-6fb2-4126-9fe2-ebf54f8a0f5d;Aitana;Díaz;Chile
01c34cad-f11d-4a25-8432-21a67deb58cb;Guillermo;Ruiz;Uruguay
01cd632c-bba2-4cf3-98de-c090a0fb558c;Victoria;Moreno;Colombia
01d40537-a424-432f-9cb9-f29877f2bf10;Samuel;Romero;Argentina
01d95172-2a29-47f3-95f5-3c9ce0e1565c;Mariana;León;Argentina
01e190ea-0f93-4980-aaf5-1ee3fc1fbf8c;Alfonso;Paredes;Argentina
01e5662c-0477-4702-aca6-3204097d097c;Carolina;Martín;Argentina
01ebf9d5-8d13-47c5-89f5-75ceabfe233a;Sergio;López;Argentina
01fc8ccd-77e2-431c-a216-a709e950e335;Raúl;Fernández;Argentina
0200a94d-8c12-4c88-902e-3e37391320a7;Nuria;Delgado;Argentina
0202705b-e422-4633-82f9-9b6341f7947d;Javier;Santana;Argentina
0204b554-9989-4d96-a896-5ddda3980983;Teresa;Pérez;Argentina
02067edd-48fc-41dc-b885-7616d6ca236e;Lucas;Navarro;Uruguay
020ab261-429a-486f-a781-87e11093b1ed;Eva;Torres;Chile
0214f539-376d-44df-966e-80496c7e449b;Iván;García;Argentina
0220c4ae-9e46-469b-866d-9b1ff7e854f6;Luisa;Bravo;Argentina
0248266a-55df-4caf-83d4-675ffe359ee3;Marcos;Vargas;Argentina
024e47c2-fabe-448e-8c68-c78af35eaf8e;Laura;Rodríguez;Argentina
02534acd-b677-4e55-8b04-d5cb3992537f;Sofía;Martínez;Argentina
025bc95b-afeb-488c-b2a1-e20323ef32a1;Fabián;Ríos;Argentina
0265c7ad-4f3f-4dd4-a0f5-68bca77ace49;Lourdes;Herrera;Argentina
0268495e-5dc6-46e7-a225-4b7b0ca37e84;Víctor;Flores;Argentina
026a8bdc-e682-4c11-b72a-17d9d198eaf2;Andrés;Guerra;Argentina
0277d3ed-1e99-4e07-821b-6f7ac25109cc;Carla;Maldonado;México
027acf95-d7dd-4f43-b7c2-1a837032cfd6;Álvaro;Muñoz;Argentina
0281d500-4acf-4e11-9a94-fec1f48053cc;Blanca;Ortega;Argentina
02875deb-9e91-4670-93a3-90caff7e1afe;Francisco José;Peña;México
029b43b2-5bef-466d-a361-13e39665e2da;Silvia;Díaz;Argentina
02a1be9b-81cf-4390-91bc-4af61aeeb5ec;Daniel;Carrasco;Argentina
02ad95b3-fae3-405a-aa79-759348da1011;Gabriela;Lozano;Uruguay
02b040e0-35c5-49cc-80de-bb30c1b80258;Joaquín;Silva;Argentina
02b4549d-e348-4bc8-968f-d7775b35bdb4;Mónica;Sosa;Argentina
02b51a90-ee23-45d3-a9ca-2bef7b6d3586;Gonzalo;Peña;Argentina
02b61222-0828-41e9-8213-b8f9dca99da3;Teresa;Sánchez;Argentina
02bab994-8c86-4f2f-8b63-57a94fd11891;Manuel;Franco;Argentina
02ddf1d8-1496-4aff-b8e6-8585c565cd8e;Olga;Navarro;Argentina
02e77595-8921-4bff-b344-e4a25acaffd2;Juan Carlos;González;Argentina
02ea62ed-989e-4df8-82a8-e4fad2d1dad9;Iván;Rodríguez;Argentina
02ec9995-5941-40a4-af7d-ee4adab9495a;Ana María;Aguirre;Colombia
030243ab-65d4-4381-9056-f1c60a7697b5;Samuel;Molina;Argentina
0308b35b-1ea7-4cb0-a9f7-7dc42e44f0d5;Mercedes;Castro;España
0312ce7c-5de5-4604-8908-5eaf3c8f0422;Ángel;Cabrera;Colombia
031d0f1e-e13b-4d4c-abf7-30eb14e8454f;César;Ruiz;Argentina
0320e2d0-8546-401e-a55d-a894389c45d4;Isabel;Torres;Argentina
032e2cd0-fba4-4159-a180-8950d7657f6f;Mario;León;Argentina
03508acf-c98c-40b3-b75e-0cd6c8cafb11;Lorena;Gutiérrez;Argentina
03562bc6-ff33-4847-b88a-07464061c7db;Felisa;Vargas;Colombia
03564ac4-f95f-4e6c-bb99-6baba5d4a345;Hugo;Álvarez;Argentina
03574511-b713-4aad-b94f-a28314fe6f0d;Ricardo;Mendoza;Argentina
03620a69-aeaa-43b5-98db-2f872b507bc1;Pilar;Martínez;Uruguay
0363873d-08cf-4f5b-9ade-39374bd3ef33;Lucas;Romero;Argentina
0367e7c8-7d02-4fec-bd72-41663157796e;Elena;Vázquez;Argentina
036ad7ec-42d3-455c-9a9d-6ec90e1c3491;Jaime;Aguado;Uruguay
036d74ba-92eb-4421-b438-62c36ca1c668;Marisol;Campos;Argentina
